<?xml version="1.0" encoding="utf-8"?>
<!-- *** Other languages are supported for texts *** -->
<!-- *** To use them here you should switch encoding into 'UTF-8 without BOM'! *** -->
<!-- *** Editing file in incorrect encoding will cause content damage. Check encoding before saving. *** -->
<!-- *** It is recommended to use Notepad++, Sublime Text or any other professional text editor for making changes in this file. *** -->
<!-- *** Official topic: http://www.koreanrandom.com/forum/topic/16559-/ *** -->
<root>
	<enabled>True</enabled>
	<!-- Interface update interval. -->
	<!-- Интервал обновления интерфейса. -->
	<updateInterval>0.04</updateInterval>
	<!-- Info panels settings. -->
	<!-- Настройки информационных панелей. -->
	<panels>
		<!-- Context menu labels (for localization purposes). -->
		<!-- Пункты контекстного меню (используется для локализации). -->
		<context>
			<hideInfoPanel>#AdvancedAimingSystem:gui/panels/context/hideInfoPanel;</hideInfoPanel>
			<resetInfoPanel>#AdvancedAimingSystem:gui/panels/context/resetInfoPanel;</resetInfoPanel>
		</context>
		<!-- Static settings (could be changed only by user). -->
		<!-- Статические настройки (могут быть изменены только пользователем). -->
		<static>
			<!-- Aiming correction GUI settings. -->
			<!-- Настройки графического интерфейса корректировки прицеливания. -->
			<AdvancedAimingSystemCorrectionPanel>
				<!-- Default (all available) parameters of GUI item loaded as default after population. -->
				<!-- Параметры по умолчанию (все доступные) для графического элемента, загружаемые после отображения элемента. -->
				<default>
					<alpha>1.0</alpha>
					<visible>False</visible>
					<background></background>
					<tooltip>#AdvancedAimingSystem:gui/panels/CorrectionPanel/default/tooltip;</tooltip>
					<template>#AdvancedAimingSystem:gui/panels/CorrectionPanel/default/text;</template>
					<position>0.0 0.3</position>
					<size>450.0 25.0</size>
				</default>
				<!-- Parameters are applied over current state when entering appropriate aiming mode. When exiting "default" is applied. -->
				<!-- You can add your parameters here, all available parameters are specified in "default" section. -->
				<!-- Additional information on this parameters is available in official topic. -->
				<!-- Параметры в данных секциях применяются при входе в соответствующий режим поверх текущего состояния. -->
				<!-- При выходе из режима поверх текущего состояния применяются параметры из секции "default". -->
				<!-- Вы можете добавлять параметры в секции режимов прицеливания, все доступные определены в секции "default". -->
				<!-- Дополнительная информация по данным параметрам доступна в официальной теме на форуме. -->
				<arcade>
					<visible>True</visible>
					<template>#AdvancedAimingSystem:gui/panels/CorrectionPanel/arcade/text;</template>
				</arcade>
				<sniper>
					<visible>True</visible>
					<template>#AdvancedAimingSystem:gui/panels/CorrectionPanel/sniper/text;</template>
				</sniper>
				<strategic>
					<visible>True</visible>
					<template>#AdvancedAimingSystem:gui/panels/CorrectionPanel/strategic/text;</template>
				</strategic>
				<arty>
					<visible>True</visible>
					<template>#AdvancedAimingSystem:gui/panels/CorrectionPanel/arty/text;</template>
				</arty>
			</AdvancedAimingSystemCorrectionPanel>
			<!-- Target scanner GUI settings. -->
			<!-- Настройки графического интерфейса сканера целей. -->
			<AdvancedAimingSystemTargetPanel>
				<default>
					<alpha>1.0</alpha>
					<visible>False</visible>
					<background></background>
					<tooltip>#AdvancedAimingSystem:gui/panels/TargetPanel/default/tooltip;</tooltip>
					<template>#AdvancedAimingSystem:gui/panels/TargetPanel/default/text;</template>
					<position>0.0 0.4</position>
					<size>450.0 25.0</size>
				</default>
				<arcade>
					<visible>True</visible>
				</arcade>
				<sniper>
					<visible>True</visible>
				</sniper>
				<strategic>
					<visible>True</visible>
				</strategic>
				<arty>
					<visible>True</visible>
				</arty>
			</AdvancedAimingSystemTargetPanel>
			<!-- Aiming info GUI settings. -->
			<!-- Настройки графического интерфейса информации о сведении. -->
			<AdvancedAimingSystemAimingPanel>
				<default>
					<alpha>1.0</alpha>
					<visible>False</visible>
					<background>img://mods/GPCracker.AdvancedAimingSystem/icons/AimingInfoBackground.png</background>
					<tooltip>#AdvancedAimingSystem:gui/panels/AimingPanel/default/tooltip;</tooltip>
					<template>#AdvancedAimingSystem:gui/panels/AimingPanel/default/text;</template>
					<position>0.4 -0.1</position>
					<size>200.0 87.0</size>
				</default>
				<arcade>
					<visible>False</visible>
					<template>#AdvancedAimingSystem:gui/panels/AimingPanel/arcade/text;</template>
					<position>0.4 -0.1</position>
				</arcade>
				<sniper>
					<visible>False</visible>
					<template>#AdvancedAimingSystem:gui/panels/AimingPanel/sniper/text;</template>
					<position>0.4 -0.25</position>
				</sniper>
				<strategic>
					<visible>False</visible>
					<template>#AdvancedAimingSystem:gui/panels/AimingPanel/strategic/text;</template>
					<position>-0.3 -0.4</position>
				</strategic>
				<arty>
					<visible>False</visible>
					<template>#AdvancedAimingSystem:gui/panels/AimingPanel/arty/text;</template>
					<position>-0.3 -0.4</position>
				</arty>
			</AdvancedAimingSystemAimingPanel>
		</static>
		<!-- Dynamic settings (could be changed ingame by scripts to save panels movements, etc.). -->
		<!-- For preserving comments in user-only config files this section is remapped internally to user preferences file. -->
		<!-- Everything you add here will be ignored, this section will never be read, it was added only as a placeholder. -->
		<!-- Динамические настройки (могут быть изменены скриптами для сохранения перемещения панелей и т.д.). -->
		<!-- В целях сохранения комментариев в конфигурационных файлах данная секция переназначена на файл пользовательских настроек. -->
		<!-- Все, что будет сюда добавлено, будет игнорироваться, так как данная секция всего лишь резервирует место и никогда не читается. -->
		<ingame />
	</panels>
</root>
<!-- KEY_NONE, KEY_ESCAPE, KEY_1, KEY_2, KEY_3, KEY_4, KEY_5, KEY_6, KEY_7, KEY_8, KEY_9, KEY_0, KEY_MINUS, KEY_EQUALS, KEY_BACKSPACE, KEY_TAB, KEY_Q, KEY_W, KEY_E, KEY_R, KEY_T, KEY_Y, KEY_U, KEY_I, KEY_O, KEY_P, KEY_LBRACKET, KEY_RBRACKET, KEY_RETURN, KEY_LCONTROL, KEY_A, KEY_S, KEY_D, KEY_F, KEY_G, KEY_H, KEY_J, KEY_K, KEY_L, KEY_SEMICOLON, KEY_APOSTROPHE, KEY_GRAVE, KEY_LSHIFT, KEY_BACKSLASH, KEY_Z, KEY_X, KEY_C, KEY_V, KEY_B, KEY_N, KEY_M, KEY_COMMA, KEY_PERIOD, KEY_SLASH, KEY_RSHIFT, KEY_NUMPADSTAR, KEY_LALT, KEY_SPACE, KEY_CAPSLOCK, KEY_F1, KEY_F2, KEY_F3, KEY_F4, KEY_F5, KEY_F6, KEY_F7, KEY_F8, KEY_F9, KEY_F10, KEY_NUMLOCK, KEY_SCROLL, KEY_NUMPAD7, KEY_NUMPAD8, KEY_NUMPAD9, KEY_NUMPADMINUS, KEY_NUMPAD4, KEY_NUMPAD5, KEY_NUMPAD6, KEY_ADD, KEY_NUMPAD1, KEY_NUMPAD2, KEY_NUMPAD3, KEY_NUMPAD0, KEY_NUMPADPERIOD, KEY_OEM_102, KEY_F11, KEY_F12, KEY_F13, KEY_F14, KEY_F15, KEY_KANA, KEY_ABNT_C1, KEY_CONVERT, KEY_NOCONVERT, KEY_YEN, KEY_ABNT_C2, KEY_NUMPADEQUALS, KEY_PREVTRACK, KEY_AT, KEY_COLON, KEY_UNDERLINE, KEY_KANJI, KEY_STOP, KEY_AX, KEY_UNLABELED, KEY_NEXTTRACK, KEY_NUMPADENTER, KEY_RCONTROL, KEY_MUTE, KEY_CALCULATOR, KEY_PLAYPAUSE, KEY_MEDIASTOP, KEY_VOLUMEDOWN, KEY_VOLUMEUP, KEY_WEBHOME, KEY_NUMPADCOMMA, KEY_NUMPADSLASH, KEY_SYSRQ, KEY_RALT, KEY_PAUSE, KEY_HOME, KEY_UPARROW, KEY_PGUP, KEY_LEFTARROW, KEY_RIGHTARROW, KEY_END, KEY_DOWNARROW, KEY_PGDN, KEY_INSERT, KEY_DELETE, KEY_LWIN, KEY_RWIN, KEY_APPS, KEY_POWER, KEY_SLEEP, KEY_WAKE, KEY_WEBSEARCH, KEY_WEBFAVORITES, KEY_WEBREFRESH, KEY_WEBSTOP, KEY_WEBFORWARD, KEY_WEBBACK, KEY_MYCOMPUTER, KEY_MAIL, KEY_MEDIASELECT, KEY_IME_CHAR, KEY_MOUSE0, KEY_LEFTMOUSE, KEY_MOUSE1, KEY_RIGHTMOUSE, KEY_MOUSE2, KEY_MIDDLEMOUSE, KEY_MOUSE3, KEY_MOUSE4, KEY_MOUSE5, KEY_MOUSE6, KEY_MOUSE7, KEY_JOY0, KEY_JOY1, KEY_JOY2, KEY_JOY3, KEY_JOY4, KEY_JOY5, KEY_JOY6, KEY_JOY7, KEY_JOY8, KEY_JOY9, KEY_JOY10, KEY_JOY11, KEY_JOY12, KEY_JOY13, KEY_JOY14, KEY_JOY15, KEY_JOY16, KEY_JOY17, KEY_JOY18, KEY_JOY19, KEY_JOY20, KEY_JOY21, KEY_JOY22, KEY_JOY23, KEY_JOY24, KEY_JOY25, KEY_JOY26, KEY_JOY27, KEY_JOY28, KEY_JOY29, KEY_JOY30, KEY_JOY31, KEY_JOYDUP, KEY_JOYDDOWN, KEY_JOYDLEFT, KEY_JOYDRIGHT, KEY_JOYSTART, KEY_JOYSELECT, KEY_JOYBACK, KEY_JOYALPUSH, KEY_JOYARPUSH, KEY_JOYCROSS, KEY_JOYA, KEY_JOYCIRCLE, KEY_JOYB, KEY_JOYSQUARE, KEY_JOYX, KEY_JOYTRIANGLE, KEY_JOYY, KEY_JOYL1, KEY_JOYBLACK, KEY_JOYR1, KEY_JOYWHITE, KEY_JOYL2, KEY_JOYLTRIGGER, KEY_JOYR2, KEY_JOYRTRIGGER, KEY_JOYAHARD, KEY_JOYBHARD, KEY_JOYXHARD, KEY_JOYYHARD, KEY_JOYBLACKHARD, KEY_JOYWHITEHARD, KEY_JOYLTRIGGERHARD, KEY_JOYRTRIGGERHARD, KEY_JOYALUP, KEY_JOYALDOWN, KEY_JOYALLEFT, KEY_JOYALRIGHT, KEY_JOYARUP, KEY_JOYARDOWN, KEY_JOYARLEFT, KEY_JOYARRIGHT, KEY_DEBUG, KEY_LCDKB_LEFT, KEY_LCDKB_RIGHT, KEY_LCDKB_OK, KEY_LCDKB_CANCEL, KEY_LCDKB_UP, KEY_LCDKB_DOWN, KEY_LCDKB_MENU -->
