<?xml version="1.0" encoding="utf-8"?>
<!-- *** This file contains package metadata. *** -->
<!-- *** Other languages are supported for texts *** -->
<!-- *** To use them here you should switch encoding into 'UTF-8 without BOM'! *** -->
<!-- *** Editing file in incorrect encoding will cause content damage. Check encoding before saving. *** -->
<!-- *** It is recommended to use Notepad++, Sublime Text or any other professional text editor for making changes in this file. *** -->
<!-- *** Official topic: http://www.koreanrandom.com/forum/topic/16559-/ *** -->
<root>
	<!-- Technical modification identifier. -->
	<!-- Технический идентификатор модификации. -->
	<id>{{author}}.{{application}}</id>
	<!-- Package version. -->
	<!-- Версия пакета. -->
	<version>{{signature}}</version>
	<!-- Human readable name. -->
	<!-- Удобочитаемое имя модификации. -->
	<name>Advanced Aiming System Mod</name>
	<!-- Human readable description. -->
	<!-- Удобочитаемое описание модификации. -->
	<description>Корректировка дальномера (аркадный и снайперский режимы прицеливания) и высоты (артиллерийский режим) в ручном и автоматическом режиме для стрельбы по быстро движущимся или пропавшим из засвета целям. Исправляет так называемый "перелет", когда снаряд проходит над целью. Ознакомиться с подробным описанием, а также задать вопрос можно в официальной теме модификации (http://www.koreanrandom.com/forum/topic/16559-/).</description>
</root>
